Workbook

Sheet Scorecard
B2: Run Details - "Run Name"
B3: Duration | C3: 2 | D3: hrs (mins / 60)
B4: Total fluid intake | C4: 1500 | D4: ml
B6: Total Consumed
B7: Item | C7: Qty | D7: kcal | E7: Carb (g) | F7: Protein (g) | G7: Sodium (mg) | I7: How to use?
B8: Koda caffeine gel | C8: 1 | D8: =iferror(C8*vlookup(B8,'Nutritional Information'!$B$4:$E$33,2,FALSE)," ") -> 117 | E8: =iferror(C8*vlookup(B8,'Nutritional Information'!$B$4:$E$33,4,FALSE)," ") -> 29.8 | F8: =iferror(C8*vlookup(B8,'Nutritional Information'!$B$4:$G$33,6,FALSE)," ") -> 0 | G8: =iferror(C8*vlookup(B8,'Nutritional Information'!$B$4:$H$33,7,FALSE)," ") -> 36 | I8: 1. Add all nutritional information for foods you eat while running in the 'Nutritional Information" sheet
B9: Skratch lemon and lime | C9: 1 | D9: =iferror(C9*vlookup(B9,'Nutritional Information'!$B$4:$E$33,2,FALSE)," ") -> 80 | E9: =iferror(C9*vlookup(B9,'Nutritional Information'!$B$4:$E$33,4,FALSE)," ") -> 21 | F9: =iferror(C9*vlookup(B9,'Nutritional Information'!$B$4:$G$33,6,FALSE)," ") -> 0 | G9: =iferror(C9*vlookup(B9,'Nutritional Information'!$B$4:$H$33,7,FALSE)," ") -> 380 | I9: 2. Add your targets for energy intake, carb intake, protein intake and sodium concentration if you know your numbers to the summary table
B10: High 5 gel | C10: 1 | D10: =iferror(C10*vlookup(B10,'Nutritional Information'!$B$4:$E$33,2,FALSE)," ") -> 91 | E10: =iferror(C10*vlookup(B10,'Nutritional Information'!$B$4:$E$33,4,FALSE)," ") -> 23 | F10: =iferror(C10*vlookup(B10,'Nutritional Information'!$B$4:$G$33,6,FALSE)," ") -> 0 | G10: =iferror(C10*vlookup(B10,'Nutritional Information'!$B$4:$H$33,7,FALSE)," ") -> 0.05 | I10: 3. After completing a run input the duration in decimal numbers (total minutes / 60), total fluid intake in mL
B11: Muesli bar salted caramel | C11: 1.5 | D11: =iferror(C11*vlookup(B11,'Nutritional Information'!$B$4:$E$33,2,FALSE)," ") -> 235.5 | E11: =iferror(C11*vlookup(B11,'Nutritional Information'!$B$4:$E$33,4,FALSE)," ") -> 16.65 | F11: =iferror(C11*vlookup(B11,'Nutritional Information'!$B$4:$G$33,6,FALSE)," ") -> 6.15 | G11: =iferror(C11*vlookup(B11,'Nutritional Information'!$B$4:$H$33,7,FALSE)," ") -> 70.5 | I11: 4. Fill in the total consumed table with each item and the quantities you ate during the run
D12: =iferror(C12*vlookup(B12,'Nutritional Information'!$B$4:$E$33,2,FALSE)," ") | E12: =iferror(C12*vlookup(B12,'Nutritional Information'!$B$4:$E$33,4,FALSE)," ") | F12: =iferror(C12*vlookup(B12,'Nutritional Information'!$B$4:$G$33,6,FALSE)," ") | G12: =iferror(C12*vlookup(B12,'Nutritional Information'!$B$4:$H$33,7,FALSE)," ") | I12: 5. Review the Summary table to see if you met your targets
D13: =iferror(C13*vlookup(B13,'Nutritional Information'!$B$4:$E$33,2,FALSE)," ") | E13: =iferror(C13*vlookup(B13,'Nutritional Information'!$B$4:$E$33,4,FALSE)," ") | F13: =iferror(C13*vlookup(B13,'Nutritional Information'!$B$4:$G$33,6,FALSE)," ") | G13: =iferror(C13*vlookup(B13,'Nutritional Information'!$B$4:$H$33,7,FALSE)," ")
D14: =iferror(C14*vlookup(B14,'Nutritional Information'!$B$4:$E$33,2,FALSE)," ") | E14: =iferror(C14*vlookup(B14,'Nutritional Information'!$B$4:$E$33,4,FALSE)," ") | F14: =iferror(C14*vlookup(B14,'Nutritional Information'!$B$4:$G$33,6,FALSE)," ") | G14: =iferror(C14*vlookup(B14,'Nutritional Information'!$B$4:$H$33,7,FALSE)," ") | I14: Input cell
D15: =iferror(C15*vlookup(B15,'Nutritional Information'!$B$4:$E$33,2,FALSE)," ") | E15: =iferror(C15*vlookup(B15,'Nutritional Information'!$B$4:$E$33,4,FALSE)," ") | F15: =iferror(C15*vlookup(B15,'Nutritional Information'!$B$4:$G$33,6,FALSE)," ") | G15: =iferror(C15*vlookup(B15,'Nutritional Information'!$B$4:$H$33,7,FALSE)," ")
D16: =iferror(C16*vlookup(B16,'Nutritional Information'!$B$4:$E$33,2,FALSE)," ") | E16: =iferror(C16*vlookup(B16,'Nutritional Information'!$B$4:$E$33,4,FALSE)," ") | F16: =iferror(C16*vlookup(B16,'Nutritional Information'!$B$4:$G$33,6,FALSE)," ") | G16: =iferror(C16*vlookup(B16,'Nutritional Information'!$B$4:$H$33,7,FALSE)," ")
B17: (Insert rows above)
B18: Totals | D18: =sum(D8:D17) -> 523.5 | E18: =sum(E8:E17) -> 90.45 | F18: =sum(F8:F17) -> 6.15 | G18: =sum(G8:G17) -> 486.55
B20: Summary | C20: Actual | E20: Targets | G20: Achieved
B21: Energy | C21: =D18/C3 -> 261.75 | D21: kcal/hr | E21: 300 | F21: kcal/hr | G21: =iferror(C21/E21," ") -> 0.8725
B22: Carbs | C22: =E18/C3 -> 45.225 | D22: g/hr | E22: 60 | F22: g/hr | G22: =iferror(C22/E22," ") -> 0.75375
B23: Protein | C23: =F18/C3 -> 3.075 | D23: g/hr | E23: 3 | F23: g/hr | G23: =iferror(C23/E23," ") -> 1.025
B24: Sodium | C24: =G18/C3 -> 243.275 | D24: mg/hr | G24: =iferror(C24/E24," ")
B25: Fluid | C25: =C4/C3 -> 750 | D25: ml/hr | G25: =iferror(C25/E25," ")
B26: Sodium concentration | C26: =G18/(C4/1000) -> 324.36667 | D26: mg/l | F26: mg/l | G26: =iferror(C26/E26," ")

Sheet Nutritional Information
B1: Nutrition Data
B2: >This table feeds into the Run Calculator table, input all nutrition and hydration products in here
B3: Item | C3: kCal | D3: kJ | E3: Carb (g) | F3: Fats (g) | G3: Protein (g) | H3: Sodium (mg) | I3: Caffeine (mg) | J3: Weight (g)
B4: Koda gel | C4: 117 | D4: =C4*4.184 -> 489.528 | E4: 29.8 | F4: 0 | G4: 0 | H4: 36 | I4: 0 | J4: 45
B5: Koda caffeine gel | C5: 117 | D5: =C5*4.184 -> 489.528 | E5: 29.8 | F5: 0 | G5: 0 | H5: 36 | I5: 80 | J5: 45
B6: Koda bar | C6: 203 | D6: =C6*4.184 -> 849.352 | E6: 23.2 | F6: 9.1 | G6: 5.8 | H6: 22 | I6: 0 | J6: 50
B7: High 5 gel | C7: 91 | D7: =C7*4.184 -> 380.744 | E7: 23 | F7: 0 | G7: 0 | H7: 0.05 | I7: 0 | J7: 40
B8: High 5 Energy Drink | C8: 175 | D8: 743 | E8: 44 | F8: 0 | G8: 0 | H8: 60 | I8: 0 | J8: 47
B9: SIS Go gel | C9: 87 | D9: =C9*4.184 -> 364.008 | E9: 22 | F9: 0 | G9: 0 | H9: 0 | I9: 0 | J9: 60
B10: SiS Betafuel | C10: 320 | D10: 1658 | E10: 80 | F10: 0 | G10: 0 | H10: 10 | I10: 0 | J10: 82
B11: GU stroop wafel salted choc | C11: 140 | D11: =C11*4.184 -> 585.76 | E11: 21 | F11: 6 | G11: 0 | H11: 150 | I11: 0 | J11: 30
B12: Snickers bar | C12: 246 | D12: =C12*4.184 -> 1029.264 | E12: 28.6 | F12: 12.2 | G12: 4.4 | H12: 119 | I12: 0 | J12: 50
B13: Mars bar | C13: 212 | D13: =C13*4.184 -> 887.008 | E13: 2 | F13: =C13*E13 -> 424 | G13: 21 | H13: 6 | I13: 0 | J13: 150
B14: Snickers bar (new) | C14: 212 | D14: =C14*4.184 -> 887.008 | E14: 2 | F14: =C14*E14 -> 424 | G14: 28.6 | H14: 12.2 | I14: 4.4 | J14: 119
B15: Clif bar Crunchy Peanut | C15: 260 | D15: =C15*4.184 -> 1087.84 | E15: 40 | F15: 7 | G15: 11 | H15: 234 | I15: 0 | J15: 68
B16: Clif bar chocolate chip | C16: 250 | D16: =C16*4.184 -> 1046 | E16: 43 | F16: 6 | G16: 10 | H16: 130 | I16: 0 | J16: 68
B17: Tailwind 1 scoop | C17: 100 | D17: =C17*4.184 -> 418.4 | E17: 25 | F17: 0 | G17: 0 | H17: 303 | I17: 0 | J17: 27
B18: Clif gel double shot espresso | C18: 100 | D18: =C18*4.184 -> 418.4 | E18: 24 | F18: 0 | G18: 0 | H18: 60 | I18: 100 | J18: 34
B19: Trailbrew (50g 2 x scoops) | C19: 180 | D19: =C19*4.184 -> 753.12 | E19: 46 | F19: 0 | G19: 0 | H19: 296 | I19: 0 | J19: 50
B20: Muesli bar salted caramel | C20: 157 | D20: =C20*4.184 -> 656.888 | E20: 11.1 | F20: =C20*E20 -> 1742.7 | G20: 4.1 | H20: 47 | I20: 0 | J20: 30
B21: Peanut butter jelly bar | C21: 176 | D21: =C21*4.184 -> 736.384 | E21: 14.6 | F21: 10.3 | G21: 5.1 | H21: 60 | I21: 0 | J21: 35
B22: Skratch green tea | C22: 80 | D22: =C22*4.184 -> 334.72 | E22: 21 | F22: 0 | G22: 0 | H22: 380 | I22: 16 | J22: 22
B23: Skratch lemon and lime | C23: 80 | D23: =C23*4.184 -> 334.72 | E23: 21 | F23: 0 | G23: 0 | H23: 380 | I23: 16 | J23: 22
B24: Winners gel | C24: 117 | D24: =C24*4.184 -> 489.528 | E24: 29.8 | F24: 0 | G24: 0 | H24: 36 | I24: 0 | J24: 45
B25: Winners bar 64g | D25: 1056 | E25: 40.7 | F25: 7.2 | G25: 4.7 | H25: 226 | I25: 0 | J25: 64
B26: Koda electrolytes | C26: 6 | D26: =C26*4.184 -> 25.104 | H26: 430
B27: High 5 electrolytes | C27: 0 | D27: =C27*4.184 -> 0 | H27: 250
B28: Sandwich (vegemite and cheese) | C28: 614 | E28: 79.4 | F28: 18.2 | G28: 29.48 | H28: 2026 | J28: =20+42+20+76 -> 158
B29: Sandwich (vegemite) | C29: 225 | D29: 943 | E29: 40.11 | F29: 3.47 | G29: 7.49 | H29: 467 | I29: 0
B30: Pizza shapes (100g) | C30: 494 | D30: 2070 | E30: 61.8 | F30: 23.1 | G30: 7.9 | H30: 625 | J30: 100
B32: (Insert rows above)
